what,kind,bundleId,bundleVersion,description,time
started,bundle,org.eclipse.rse.subsystems.files.local,2.1.300.201403251512,"org.eclipse.rse.subsystems.files.local",1523054171642
started,bundle,org.eclipse.rse.subsystems.shells.core,3.1.300.201403271554,"org.eclipse.rse.subsystems.shells.core",1523054171643
started,bundle,org.eclipse.rse.subsystems.shells.local,2.1.400.201403100950,"org.eclipse.rse.subsystems.shells.local",1523054171643
started,bundle,org.eclipse.rse.ui,3.3.300.201610252046,"org.eclipse.rse.ui",1523054171644
started,bundle,org.eclipse.search,3.11.1.v20161113-1700,"org.eclipse.search",1523054171645
started,bundle,org.eclipse.team.core,3.8.0.v20160418-1534,"org.eclipse.team.core",1523054171646
started,bundle,org.eclipse.team.ui,3.8.0.v20160518-1906,"org.eclipse.team.ui",1523054171647
started,bundle,org.eclipse.tm.terminal.view.ui,4.2.0.201609191434,"org.eclipse.tm.terminal.view.ui",1523054171648
started,bundle,org.eclipse.ui,3.108.1.v20160929-1045,"org.eclipse.ui",1523054171649
started,bundle,org.eclipse.ui.console,3.6.201.v20161107-0337,"org.eclipse.ui.console",1523054171650
started,bundle,org.eclipse.ui.editors,3.10.1.v20161106-1856,"org.eclipse.ui.editors",1523054171650
started,bundle,org.eclipse.ui.ide,3.12.2.v20161115-1450,"org.eclipse.ui.ide",1523054171652
started,bundle,org.eclipse.ui.ide.application,1.1.101.v20160829-0827,"org.eclipse.ui.ide.application",1523054171653
started,bundle,org.eclipse.ui.monitoring,1.1.1.v20161028-1850,"org.eclipse.ui.monitoring",1523054171653
started,bundle,org.eclipse.ui.net,1.3.0.v20160426-1633,"org.eclipse.ui.net",1523054171654
started,bundle,org.eclipse.ui.themes,1.1.300.v20161107-1827,"org.eclipse.ui.themes",1523054171654
started,bundle,org.eclipse.ui.trace,1.0.400.v20160509-1055,"org.eclipse.ui.trace",1523054171655
started,bundle,org.eclipse.ui.views.log,1.2.1.v20160829-0826,"org.eclipse.ui.views.log",1523054171655
started,bundle,org.eclipse.ui.workbench,3.108.2.v20161025-2029,"org.eclipse.ui.workbench",1523054171657
started,bundle,org.eclipse.ui.workbench.texteditor,3.10.1.v20160818-1626,"org.eclipse.ui.workbench.texteditor",1523054171658
started,bundle,org.eclipse.update.configurator,3.3.400.v20160506-0750,"org.eclipse.update.configurator",1523054171658
started,bundle,org.eclipse.userstorage,1.0.0.v20160524-0709,"org.eclipse.userstorage",1523054171659
started,bundle,org.eclipse.userstorage.ui,1.0.0.v20151216-0912,"org.eclipse.userstorage.ui",1523054171659
started,bundle,org.eclipse.wst.common.project.facet.core,1.4.300.v201111030423,"org.eclipse.wst.common.project.facet.core",1523054171659
started,bundle,org.eclipse.wst.sse.ui,1.3.500.v201605120129,"org.eclipse.wst.sse.ui",1523054171661
started,bundle,org.eclipse.wst.web,1.1.800.v201312041437,"org.eclipse.wst.web",1523054171661
started,bundle,org.eclipse.ecf.provider.filetransfer.httpclient,4.0.0.v20100906-1425,"org.eclipse.ecf.provider.filetransfer.httpclient",1523054171662
started,bundle,org.eclipse.epp.usagedata.gathering,1.3.1.R201102081640,"org.eclipse.epp.usagedata.gathering",1523054171662
started,bundle,org.eclipse.epp.usagedata.recording,1.3.1.R201102081640,"org.eclipse.epp.usagedata.recording",1523054171663
started,bundle,org.eclipse.equinox.event,1.2.0.v20100503,"org.eclipse.equinox.event",1523054171663
started,bundle,org.eclipse.team.cvs.core,3.3.301.R36x_v20110119-0815,"org.eclipse.team.cvs.core",1523054171664
started,bundle,org.eclipse.team.cvs.ui,3.3.302.R36x_v20110203-1036,"org.eclipse.team.cvs.ui",1523054171666
started,bundle,org.eclipse.update.core,3.2.402.R36x_v20100629,"org.eclipse.update.core",1523054171677
started,bundle,org.eclipse.update.scheduler,3.2.300.v20100512,"org.eclipse.update.scheduler",1523054171677
os,sysinfo,,,"win32",1523054171681
arch,sysinfo,,,"x86_64",1523054171681
ws,sysinfo,,,"win32",1523054171681
locale,sysinfo,,,"pt_BR",1523054171681
processors,sysinfo,,,"4",1523054171681
java.runtime.name,sysinfo,,,"Java(TM) SE Runtime Environment",1523054171681
java.runtime.version,sysinfo,,,"1.8.0_102-b14",1523054171681
java.specification.name,sysinfo,,,"Java Platform API Specification",1523054171681
java.specification.vendor,sysinfo,,,"Oracle Corporation",1523054171681
java.specification.version,sysinfo,,,"1.8",1523054171681
java.vendor,sysinfo,,,"Oracle Corporation",1523054171681
java.version,sysinfo,,,"1.8.0_102",1523054171681
java.vm.info,sysinfo,,,"mixed mode",1523054171681
java.vm.name,sysinfo,,,"Java HotSpot(TM) 64-Bit Server VM",1523054171681
java.vm.specification.name,sysinfo,,,"Java Virtual Machine Specification",1523054171681
java.vm.specification.vendor,sysinfo,,,"Oracle Corporation",1523054171681
java.vm.specification.version,sysinfo,,,"1.8",1523054171681
java.vm.vendor,sysinfo,,,"Oracle Corporation",1523054171681
java.vm.version,sysinfo,,,"25.102-b14",1523054171681
activated,view,org.eclipse.jdt.ui,3.12.2.v20160929-0804,"org.eclipse.jdt.ui.PackageExplorer",1523054198514
deactivated,workbench,org.eclipse.ui.workbench,3.108.2.v20161025-2029,"",1523054203183
error,log,,,"The project description file (.project) for 'sockets-java' is missing.  This file contains important information about the project.  The project will not function properly until this file is restored.",1523054203193
activated,workbench,org.eclipse.ui.workbench,3.108.2.v20161025-2029,"",1523054205080
started,bundle,org.eclipse.wst.ws.service.policy.ui,1.0.500.v201505131719,"org.eclipse.wst.ws.service.policy.ui",1523054208601
started,bundle,org.eclipse.wst.ws.service.policy,1.0.450.v201505131719,"org.eclipse.wst.ws.service.policy",1523054208636
started,bundle,org.eclipse.wst.command.env,1.0.500.v201505131719,"org.eclipse.wst.command.env",1523054208759
started,bundle,org.eclipse.wst.ws,1.1.400.v201503231435,"org.eclipse.wst.ws",1523054208761
started,bundle,org.eclipse.jpt.common.utility,2.4.0.v201603181811,"org.eclipse.jpt.common.utility",1523054209293
started,bundle,org.eclipse.jpt.common.core,1.5.0.v201603181811,"org.eclipse.jpt.common.core",1523054209298
started,bundle,org.eclipse.jpt.jpa.core,3.5.0.v201603181811,"org.eclipse.jpt.jpa.core",1523054209303
started,bundle,org.eclipse.jst.common.project.facet.core,1.4.500.v201508121553,"org.eclipse.jst.common.project.facet.core",1523054209520
started,bundle,org.eclipse.jst.ws.jaxrs.core,1.0.600.v201505131719,"org.eclipse.jst.ws.jaxrs.core",1523054209559
started,bundle,org.eclipse.jpt.jpa.db,2.2.200.v201603180253,"org.eclipse.jpt.jpa.db",1523054210739
started,bundle,org.eclipse.datatools.connectivity,1.13.0.201603142002,"org.eclipse.datatools.connectivity",1523054210747
started,bundle,org.eclipse.cft.server.ui,1.0.107.v201611302157,"org.eclipse.cft.server.ui",1523054211113
started,bundle,org.eclipse.cft.server.standalone.ui,1.0.4.v201611302157,"org.eclipse.cft.server.standalone.ui",1523054211115
started,bundle,org.eclipse.cft.server.standalone.core,1.0.4.v201611302157,"org.eclipse.cft.server.standalone.core",1523054211210
started,bundle,org.eclipse.wst.common.frameworks.ui,1.2.400.v201504292002,"org.eclipse.wst.common.frameworks.ui",1523054211314
started,bundle,org.eclipse.wst.common.core,1.2.0.v200908251833,"org.eclipse.wst.common.core",1523054211341
started,bundle,org.eclipse.wst.jsdt.chromium.debug.ui,0.6.0.v201608251013,"org.eclipse.wst.jsdt.chromium.debug.ui",1523054211580
started,bundle,org.eclipse.tm.terminal.connector.local,4.2.0.201609191434,"org.eclipse.tm.terminal.connector.local",1523054211616
started,bundle,org.eclipse.tm.terminal.control,4.2.0.201609191434,"org.eclipse.tm.terminal.control",1523054211622
started,bundle,org.eclipse.wst.sse.core,1.1.1000.v201608061842,"org.eclipse.wst.sse.core",1523054212153
started,bundle,org.eclipse.wst.server.core,1.8.100.v201605201456,"org.eclipse.wst.server.core",1523054212990
started,bundle,org.eclipse.wst.server.ui,1.5.306.v201609011808,"org.eclipse.wst.server.ui",1523054213036
activated,editor,org.eclipse.jdt.ui,3.12.2.v20160929-0804,"org.eclipse.jdt.ui.CompilationUnitEditor",1523054213142
activated,view,org.eclipse.jdt.ui,3.12.2.v20160929-0804,"org.eclipse.jdt.ui.PackageExplorer",1523054216690
deactivated,workbench,org.eclipse.ui.workbench,3.108.2.v20161025-2029,"",1523054226676
activated,workbench,org.eclipse.ui.workbench,3.108.2.v20161025-2029,"",1523054442878
deactivated,workbench,org.eclipse.ui.workbench,3.108.2.v20161025-2029,"",1523054447588
started,bundle,org.eclipse.jem.util,2.1.200.v201404021757,"org.eclipse.jem.util",1523054454244
started,bundle,org.eclipse.wst.common.emf,1.2.400.v201505132009,"org.eclipse.wst.common.emf",1523054454297
started,bundle,org.eclipse.jst.j2ee.core,1.3.200.v201505041449,"org.eclipse.jst.j2ee.core",1523054454302
activated,workbench,org.eclipse.ui.workbench,3.108.2.v20161025-2029,"",1523054454516
started,bundle,org.eclipse.pde.ds.annotations,1.0.0.v20160525-1437,"org.eclipse.pde.ds.annotations",1523054454605
started,bundle,org.eclipse.jpt.jaxb.core,1.4.100.v201603180253,"org.eclipse.jpt.jaxb.core",1523054454639
started,bundle,org.eclipse.jdt.apt.core,3.4.100.v20160525-0952,"org.eclipse.jdt.apt.core",1523054454689
started,bundle,org.eclipse.jdt.apt.pluggable.core,1.1.100.v20160418-1457,"org.eclipse.jdt.apt.pluggable.core",1523054455182
started,bundle,org.eclipse.wst.common.frameworks,1.2.200.v201304241450,"org.eclipse.wst.common.frameworks",1523054455974
started,bundle,org.eclipse.wst.common.emfworkbench.integration,1.2.101.v201107081800,"org.eclipse.wst.common.emfworkbench.integration",1523054455992
started,bundle,org.eclipse.wst.common.modulecore,1.2.401.v201408132036,"org.eclipse.wst.common.modulecore",1523054456057
started,bundle,org.eclipse.cft.server.core,1.2.0.v201611302157,"org.eclipse.cft.server.core",1523054457805
deactivated,workbench,org.eclipse.ui.workbench,3.108.2.v20161025-2029,"",1523054459964
activated,workbench,org.eclipse.ui.workbench,3.108.2.v20161025-2029,"",1523054476759
opened,editor,org.eclipse.jdt.ui,3.12.2.v20160929-0804,"org.eclipse.jdt.ui.CompilationUnitEditor",1523054477260
activated,editor,org.eclipse.jdt.ui,3.12.2.v20160929-0804,"org.eclipse.jdt.ui.CompilationUnitEditor",1523054477631
started,bundle,org.eclipse.core.variables,3.3.0.v20160419-1720,"org.eclipse.core.variables",1523054478375
started,bundle,org.eclipse.jdt.junit,3.9.0.v20160421-1701,"org.eclipse.jdt.junit",1523054498066
started,bundle,org.eclipse.pde.api.tools,1.1.2.v20161115-0549,"org.eclipse.pde.api.tools",1523054498206
started,bundle,org.eclipse.pde.api.tools.ui,1.1.0.v20160519-0701,"org.eclipse.pde.api.tools.ui",1523054498215
started,bundle,org.eclipse.equinox.p2.garbagecollector,1.0.300.v20160504-1450,"org.eclipse.equinox.p2.garbagecollector",1523054503827
executed,command,org.eclipse.ui.workbench.texteditor,3.10.1.v20160818-1626,"org.eclipse.ui.edit.text.goto.lineEnd",1523054505394
executed,command,org.eclipse.ui.workbench.texteditor,3.10.1.v20160818-1626,"org.eclipse.ui.edit.text.goto.lineEnd",1523054525344
executed,command,org.eclipse.ui.workbench.texteditor,3.10.1.v20160818-1626,"org.eclipse.ui.edit.text.goto.lineEnd",1523054553595
executed,command,org.eclipse.ui.workbench.texteditor,3.10.1.v20160818-1626,"org.eclipse.ui.edit.text.goto.lineEnd",1523054574179
executed,command,org.eclipse.ui.workbench.texteditor,3.10.1.v20160818-1626,"org.eclipse.ui.edit.text.goto.lineEnd",1523054676546
executed,command,org.eclipse.ui.workbench.texteditor,3.10.1.v20160818-1626,"org.eclipse.ui.edit.text.goto.lineEnd",1523054694051
executed,command,org.eclipse.ui.workbench.texteditor,3.10.1.v20160818-1626,"org.eclipse.ui.edit.text.goto.lineEnd",1523054732915
executed,command,org.eclipse.ui,3.108.1.v20160929-1045,"org.eclipse.ui.edit.delete",1523054737307
executed,command,org.eclipse.ui,3.108.1.v20160929-1045,"org.eclipse.ui.edit.delete",1523054737440
opened,editor,org.eclipse.jdt.ui,3.12.2.v20160929-0804,"org.eclipse.jdt.ui.CompilationUnitEditor",1523054745685
activated,editor,org.eclipse.jdt.ui,3.12.2.v20160929-0804,"org.eclipse.jdt.ui.CompilationUnitEditor",1523054746057
activated,view,org.eclipse.jdt.ui,3.12.2.v20160929-0804,"org.eclipse.jdt.ui.PackageExplorer",1523054746795
activated,editor,org.eclipse.jdt.ui,3.12.2.v20160929-0804,"org.eclipse.jdt.ui.CompilationUnitEditor",1523054748883
error,log,,,"Error setting focus to : org.eclipse.e4.ui.model.application.ui.basic.impl.PartImpl ClienteSocket.java",1523054748932
activated,editor,org.eclipse.jdt.ui,3.12.2.v20160929-0804,"org.eclipse.jdt.ui.CompilationUnitEditor",1523054749670
closed,editor,org.eclipse.jdt.ui,3.12.2.v20160929-0804,"org.eclipse.jdt.ui.CompilationUnitEditor",1523054749899
opened,editor,org.eclipse.jdt.ui,3.12.2.v20160929-0804,"org.eclipse.jdt.ui.CompilationUnitEditor",1523054751487
activated,editor,org.eclipse.jdt.ui,3.12.2.v20160929-0804,"org.eclipse.jdt.ui.CompilationUnitEditor",1523054751962
activated,editor,org.eclipse.jdt.ui,3.12.2.v20160929-0804,"org.eclipse.jdt.ui.CompilationUnitEditor",1523054752934
closed,editor,org.eclipse.jdt.ui,3.12.2.v20160929-0804,"org.eclipse.jdt.ui.CompilationUnitEditor",1523054753124
closed,editor,org.eclipse.jdt.ui,3.12.2.v20160929-0804,"org.eclipse.jdt.ui.CompilationUnitEditor",1523054754478
executed,command,org.eclipse.ui,3.108.1.v20160929-1045,"org.eclipse.ui.file.save",1523054757091
started,bundle,org.eclipse.recommenders.injection,2.4.5.v20161130-1427,"org.eclipse.recommenders.injection",1523054763824
started,bundle,org.eclipse.recommenders.apidocs.rcp,2.4.5.v20161130-1427,"org.eclipse.recommenders.apidocs.rcp",1523054763867
started,bundle,org.eclipse.recommenders.chain.rcp,2.4.5.v20161130-1427,"org.eclipse.recommenders.chain.rcp",1523054763875
started,bundle,org.eclipse.recommenders.completion.rcp,2.4.5.v20161130-1427,"org.eclipse.recommenders.completion.rcp",1523054763881
started,bundle,org.eclipse.recommenders.coordinates.rcp,2.4.5.v20161130-1427,"org.eclipse.recommenders.coordinates.rcp",1523054764315
started,bundle,org.eclipse.recommenders.coordinates,2.4.5.v20161130-1427,"org.eclipse.recommenders.coordinates",1523054764720
started,bundle,org.eclipse.recommenders.rcp,2.4.5.v20161130-1427,"org.eclipse.recommenders.rcp",1523054765065
started,bundle,org.eclipse.recommenders.models,2.4.5.v20161130-1427,"org.eclipse.recommenders.models",1523054766434
executed,command,,,"AUTOGEN:::org.eclipse.jdt.internal.ui.CompilationUnitEditor.ruler.actions/org.eclipse.jdt.internal.ui.javaeditor.JavaSelectRulerAction",1523054767851
deactivated,workbench,org.eclipse.ui.workbench,3.108.2.v20161025-2029,"",1523054792808
activated,workbench,org.eclipse.ui.workbench,3.108.2.v20161025-2029,"",1523054794740
deactivated,workbench,org.eclipse.ui.workbench,3.108.2.v20161025-2029,"",1523054795136
activated,workbench,org.eclipse.ui.workbench,3.108.2.v20161025-2029,"",1523054797228
opened,editor,org.eclipse.jdt.ui,3.12.2.v20160929-0804,"org.eclipse.jdt.ui.CompilationUnitEditor",1523054797510
activated,editor,org.eclipse.jdt.ui,3.12.2.v20160929-0804,"org.eclipse.jdt.ui.CompilationUnitEditor",1523054797603
activated,editor,org.eclipse.jdt.ui,3.12.2.v20160929-0804,"org.eclipse.jdt.ui.CompilationUnitEditor",1523054799968
executed,command,,,"AUTOGEN:::org.eclipse.jdt.internal.ui.CompilationUnitEditor.ruler.actions/org.eclipse.jdt.internal.ui.javaeditor.JavaSelectRulerAction",1523054803986
deactivated,workbench,org.eclipse.ui.workbench,3.108.2.v20161025-2029,"",1523054806080
activated,workbench,org.eclipse.ui.workbench,3.108.2.v20161025-2029,"",1523054806278
started,bundle,org.eclipse.debug.ui,3.11.202.v20161114-0338,"org.eclipse.debug.ui",1523054807991
started,bundle,org.eclipse.wst.jsdt.chromium.debug.core,0.5.0.v201608251013,"org.eclipse.wst.jsdt.chromium.debug.core",1523054808347
started,bundle,org.eclipse.jdt.debug,3.10.1.v20160811-0441,"org.eclipse.jdt.debug",1523054808458
started,bundle,org.eclipse.jdt.debug.ui,3.7.201.v20160811-0450,"org.eclipse.jdt.debug.ui",1523054808564
executed,command,,,"AUTOGEN:::org.eclipse.jdt.debug.CompilationUnitEditor.BreakpointRulerActions/org.eclipse.jdt.debug.ui.actions.ManageBreakpointRulerAction",1523054808612
executed,command,,,"AUTOGEN:::org.eclipse.jdt.internal.ui.CompilationUnitEditor.ruler.actions/org.eclipse.jdt.internal.ui.javaeditor.JavaSelectRulerAction",1523054815769
deactivated,workbench,org.eclipse.ui.workbench,3.108.2.v20161025-2029,"",1523054816802
activated,workbench,org.eclipse.ui.workbench,3.108.2.v20161025-2029,"",1523054817083
executed,command,,,"AUTOGEN:::org.eclipse.jdt.internal.ui.CompilationUnitEditor.ruler.actions/org.eclipse.jdt.internal.ui.javaeditor.JavaSelectRulerAction",1523054818907
deactivated,workbench,org.eclipse.ui.workbench,3.108.2.v20161025-2029,"",1523054819982
activated,workbench,org.eclipse.ui.workbench,3.108.2.v20161025-2029,"",1523054821917
executed,command,,,"AUTOGEN:::org.eclipse.jdt.internal.ui.CompilationUnitEditor.ruler.actions/org.eclipse.jdt.internal.ui.javaeditor.JavaSelectRulerAction",1523054828940
executed,command,org.eclipse.ui,3.108.1.v20160929-1045,"org.eclipse.ui.edit.delete",1523054895993
executed,command,org.eclipse.ui,3.108.1.v20160929-1045,"org.eclipse.ui.edit.delete",1523054896493
executed,command,org.eclipse.ui,3.108.1.v20160929-1045,"org.eclipse.ui.edit.delete",1523054896526
executed,command,org.eclipse.ui,3.108.1.v20160929-1045,"org.eclipse.ui.edit.delete",1523054896560
executed,command,org.eclipse.ui,3.108.1.v20160929-1045,"org.eclipse.ui.edit.delete",1523054896594
executed,command,org.eclipse.ui,3.108.1.v20160929-1045,"org.eclipse.ui.edit.delete",1523054896626
executed,command,org.eclipse.ui,3.108.1.v20160929-1045,"org.eclipse.ui.edit.delete",1523054896660
executed,command,org.eclipse.ui,3.108.1.v20160929-1045,"org.eclipse.ui.edit.delete",1523054896693
executed,command,org.eclipse.ui,3.108.1.v20160929-1045,"org.eclipse.ui.edit.delete",1523054896726
executed,command,org.eclipse.ui,3.108.1.v20160929-1045,"org.eclipse.ui.edit.delete",1523054896759
executed,command,org.eclipse.ui,3.108.1.v20160929-1045,"org.eclipse.ui.edit.delete",1523054896912
executed,command,org.eclipse.ui,3.108.1.v20160929-1045,"org.eclipse.ui.edit.delete",1523054897097
executed,command,org.eclipse.ui,3.108.1.v20160929-1045,"org.eclipse.ui.edit.delete",1523054897241
executed,command,org.eclipse.ui,3.108.1.v20160929-1045,"org.eclipse.ui.edit.delete",1523054897393
executed,command,org.eclipse.ui,3.108.1.v20160929-1045,"org.eclipse.ui.edit.delete",1523054897553
executed,command,org.eclipse.ui,3.108.1.v20160929-1045,"org.eclipse.ui.edit.delete",1523054897762
executed,command,org.eclipse.ui,3.108.1.v20160929-1045,"org.eclipse.ui.edit.delete",1523054897938
executed,command,org.eclipse.ui,3.108.1.v20160929-1045,"org.eclipse.ui.edit.delete",1523054898187
executed,command,org.eclipse.ui,3.108.1.v20160929-1045,"org.eclipse.ui.edit.delete",1523054898745
executed,command,org.eclipse.ui,3.108.1.v20160929-1045,"org.eclipse.ui.edit.delete",1523054898968
executed,command,org.eclipse.ui,3.108.1.v20160929-1045,"org.eclipse.ui.edit.delete",1523054899609
executed,command,org.eclipse.ui.workbench.texteditor,3.10.1.v20160818-1626,"org.eclipse.ui.edit.text.goto.lineEnd",1523055042924
executed,command,org.eclipse.ui,3.108.1.v20160929-1045,"org.eclipse.ui.edit.delete",1523055068566
executed,command,,,"AUTOGEN:::org.eclipse.jdt.internal.ui.CompilationUnitEditor.ruler.actions/org.eclipse.jdt.internal.ui.javaeditor.JavaSelectRulerAction",1523055089690
deactivated,workbench,org.eclipse.ui.workbench,3.108.2.v20161025-2029,"",1523055092104
activated,workbench,org.eclipse.ui.workbench,3.108.2.v20161025-2029,"",1523055092341
deactivated,workbench,org.eclipse.ui.workbench,3.108.2.v20161025-2029,"",1523055145195
activated,workbench,org.eclipse.ui.workbench,3.108.2.v20161025-2029,"",1523056044796
deactivated,workbench,org.eclipse.ui.workbench,3.108.2.v20161025-2029,"",1523056066143
activated,workbench,org.eclipse.ui.workbench,3.108.2.v20161025-2029,"",1523056929817
deactivated,workbench,org.eclipse.ui.workbench,3.108.2.v20161025-2029,"",1523056930607
started,bundle,org.eclipse.wst.jsdt.js.bower,1.0.0.v201605192332,"org.eclipse.wst.jsdt.js.bower",1523057855568
started,bundle,org.eclipse.wst.jsdt.js.node,1.0.0.v201608102114,"org.eclipse.wst.jsdt.js.node",1523057855590
started,bundle,org.eclipse.wst.jsdt.js.npm,1.0.0.v201607180823,"org.eclipse.wst.jsdt.js.npm",1523057855609
started,bundle,org.eclipse.wst.jsdt.core,2.0.0.v201608251059,"org.eclipse.wst.jsdt.core",1523057855881
started,bundle,org.eclipse.wst.jsdt.manipulation,1.0.601.v201602241911,"org.eclipse.wst.jsdt.manipulation",1523057855970
started,bundle,org.eclipse.wst.jsdt.ui,2.0.0.v201608301904,"org.eclipse.wst.jsdt.ui",1523057855976
activated,workbench,org.eclipse.ui.workbench,3.108.2.v20161025-2029,"",1523057900624
activated,view,org.eclipse.jdt.ui,3.12.2.v20160929-0804,"org.eclipse.jdt.ui.PackageExplorer",1523057902274
activated,editor,org.eclipse.jdt.ui,3.12.2.v20160929-0804,"org.eclipse.jdt.ui.CompilationUnitEditor",1523057902862
started,bundle,org.eclipse.recommenders.utils.rcp,2.4.5.v20161130-1427,"org.eclipse.recommenders.utils.rcp",1523057903192
executed,command,,,"AUTOGEN:::org.eclipse.jdt.internal.ui.CompilationUnitEditor.ruler.actions/org.eclipse.jdt.internal.ui.javaeditor.JavaSelectRulerAction",1523057903555
deactivated,workbench,org.eclipse.ui.workbench,3.108.2.v20161025-2029,"",1523057904876
activated,workbench,org.eclipse.ui.workbench,3.108.2.v20161025-2029,"",1523057905120
executed,command,org.eclipse.ui,3.108.1.v20160929-1045,"org.eclipse.ui.file.save",1523057920411
started,bundle,org.eclipse.wst.validation,1.2.700.v201508251749,"org.eclipse.wst.validation",1523057920479
deactivated,workbench,org.eclipse.ui.workbench,3.108.2.v20161025-2029,"",1523057928631
activated,workbench,org.eclipse.ui.workbench,3.108.2.v20161025-2029,"",1523057937611
deactivated,workbench,org.eclipse.ui.workbench,3.108.2.v20161025-2029,"",1523057938892
activated,workbench,org.eclipse.ui.workbench,3.108.2.v20161025-2029,"",1523057939002
closed,view,org.eclipse.jdt.ui,3.12.2.v20160929-0804,"org.eclipse.jdt.ui.PackageExplorer",1523057939163
closed,view,org.eclipse.ui.ide,3.12.2.v20161115-1450,"org.eclipse.ui.views.ProblemView",1523057939235
closed,view,org.eclipse.ui.console,3.6.201.v20161107-0337,"org.eclipse.ui.console.ConsoleView",1523057939248
closed,view,org.eclipse.ui.views,,"org.eclipse.ui.views.ContentOutline",1523057939316
closed,view,org.eclipse.mylyn.tasks.ui,3.21.0.v20160913-2131,"org.eclipse.mylyn.tasks.ui.views.tasks",1523057939360
closed,editor,org.eclipse.jdt.ui,3.12.2.v20160929-0804,"org.eclipse.jdt.ui.CompilationUnitEditor",1523057939390
closed,editor,org.eclipse.jdt.ui,3.12.2.v20160929-0804,"org.eclipse.jdt.ui.CompilationUnitEditor",1523057939423
closed,workbench,org.eclipse.ui.workbench,3.108.2.v20161025-2029,"",1523057939644
stopped,bundle,org.eclipse.m2e.logback.configuration,1.7.0.20160603-1933,"org.eclipse.m2e.logback.configuration",1523057941714
stopped,bundle,org.eclipse.recommenders.apidocs.rcp,2.4.5.v20161130-1427,"org.eclipse.recommenders.apidocs.rcp",1523057941714
stopped,bundle,org.eclipse.recommenders.coordinates.rcp,2.4.5.v20161130-1427,"org.eclipse.recommenders.coordinates.rcp",1523057941715
stopped,bundle,org.eclipse.recommenders.models,2.4.5.v20161130-1427,"org.eclipse.recommenders.models",1523057941715
stopped,bundle,org.eclipse.recommenders.coordinates,2.4.5.v20161130-1427,"org.eclipse.recommenders.coordinates",1523057941715
stopped,bundle,org.eclipse.egit.mylyn.ui,4.4.1.201607150455-r,"org.eclipse.egit.mylyn.ui",1523057941883
stopped,bundle,org.eclipse.tm.terminal.connector.local,4.2.0.201609191434,"org.eclipse.tm.terminal.connector.local",1523057941883
stopped,bundle,org.eclipse.tm.terminal.connector.process,4.2.0.201609191434,"org.eclipse.tm.terminal.connector.process",1523057942043
stopped,bundle,org.eclipse.tm.terminal.connector.serial,4.2.0.201609191434,"org.eclipse.tm.terminal.connector.serial",1523057942053
stopped,bundle,org.eclipse.tm.terminal.connector.ssh,4.2.0.201609191434,"org.eclipse.tm.terminal.connector.ssh",1523057942066
stopped,bundle,org.eclipse.tm.terminal.connector.telnet,4.2.0.201609191434,"org.eclipse.tm.terminal.connector.telnet",1523057942079
stopped,bundle,org.eclipse.tm.terminal.view.ui,4.2.0.201609191434,"org.eclipse.tm.terminal.view.ui",1523057942079
stopped,bundle,org.eclipse.egit.ui,4.4.1.201607150455-r,"org.eclipse.egit.ui",1523057942080
stopped,bundle,org.eclipse.oomph.setup.editor,1.6.0.v20161125-1207,"org.eclipse.oomph.setup.editor",1523057942081
stopped,bundle,org.eclipse.oomph.resources.edit,1.6.0.v20161019-0656,"org.eclipse.oomph.resources.edit",1523057942320
stopped,bundle,org.eclipse.oomph.workingsets.editor,1.6.0.v20161111-1110,"org.eclipse.oomph.workingsets.editor",1523057942320
stopped,bundle,org.eclipse.oomph.workingsets.edit,1.6.0.v20161019-0656,"org.eclipse.oomph.workingsets.edit",1523057942603
stopped,bundle,org.eclipse.oomph.predicates.edit,1.6.0.v20161019-0656,"org.eclipse.oomph.predicates.edit",1523057942603
stopped,bundle,org.eclipse.oomph.resources,1.6.0.v20161019-0656,"org.eclipse.oomph.resources",1523057942604
stopped,bundle,org.eclipse.oomph.workingsets,1.6.0.v20161019-0656,"org.eclipse.oomph.workingsets",1523057942604
stopped,bundle,org.eclipse.oomph.predicates,1.6.0.v20161019-0656,"org.eclipse.oomph.predicates",1523057942604
stopped,bundle,org.eclipse.egit.core,4.4.1.201607150455-r,"org.eclipse.egit.core",1523057942604
stopped,bundle,org.eclipse.datatools.enablement.postgresql.ui,1.1.0.201603142002,"org.eclipse.datatools.enablement.postgresql.ui",1523057942713
stopped,bundle,org.eclipse.jpt.jpa.eclipselink.ui,2.4.100.v201603180253,"org.eclipse.jpt.jpa.eclipselink.ui",1523057942724
stopped,bundle,org.eclipse.jpt.jpa.ui,3.4.100.v201603180253,"org.eclipse.jpt.jpa.ui",1523057942726
stopped,bundle,org.eclipse.jpt.jpa.db.ui,2.1.200.v201603180253,"org.eclipse.jpt.jpa.db.ui",1523057942815
stopped,bundle,org.eclipse.datatools.enablement.ingres.ui,1.0.0.v201006242214,"org.eclipse.datatools.enablement.ingres.ui",1523057942828
stopped,bundle,org.eclipse.datatools.connectivity.db.generic.ui,1.1.0.201603142002,"org.eclipse.datatools.connectivity.db.generic.ui",1523057943003
stopped,bundle,org.eclipse.datatools.sqltools.data.ui,1.3.0.201603142002,"org.eclipse.datatools.sqltools.data.ui",1523057943013
stopped,bundle,org.eclipse.datatools.enablement.sybase.ui,1.0.0.v200906090458,"org.eclipse.datatools.enablement.sybase.ui",1523057943026
stopped,bundle,org.eclipse.datatools.connectivity.sqm.server.ui,1.2.0.201603142002,"org.eclipse.datatools.connectivity.sqm.server.ui",1523057943040
stopped,bundle,org.eclipse.datatools.sqltools.ddlgen.ui,1.1.0.201603142002,"org.eclipse.datatools.sqltools.ddlgen.ui",1523057943040
stopped,bundle,org.eclipse.datatools.sqltools.db.derby.ui,1.1.0.201603142002,"org.eclipse.datatools.sqltools.db.derby.ui",1523057943131
stopped,bundle,org.eclipse.datatools.sqltools.db.generic.ui,1.1.0.201603142002,"org.eclipse.datatools.sqltools.db.generic.ui",1523057943235
